name,price,seller_name,seller_years,seller_response_rate,link,image
Phone Phones Factory Supply New Basic 6.52inch Waterdrop Gaming Smart Mobile Phone Android 10 Cell Phones 4g Cheap Cellphone Smartphone,$54.00-$57.00,"Shenzhen Yalongjiang Technology Co., Ltd.",1 YRS,2 Pieces (Min Order),https://www.alibaba.com/product-detail/Phone-Phones-Factory-Supply-New-Basic_1600108633842.html,https://s.alicdn.com/@sc01/kf/H3f034c226a0b47bcad85397d5c861140v.jpg_300x300.jpg
Phone Wholesale 5.8 Sam Sungunlocked Original Used 64GB Mobile Phone S8A,$236.99-$239.99,"Shenzhen Mengcai Electronic Co., Ltd.",1 YRS,1 Piece (Min Order),https://www.alibaba.com/product-detail/Phone-Wholesale-5-8-Sam-Sungunlocked_1600224981569.html?s=p,https://img.alicdn.com/tfs/TB1S_7kkY5YBuNjSspoXXbeNFXa-700-700.jpg_350x350.jpg
Hot Selling i12 Pro OLED Big full-screen mobile phone12GB 512GB cell phone Dual SIM Card Dual Standby SIM Card smartphone,$53.00-$58.00,"Yiwu Meizhong Electronic Technology Co., Ltd.",1 YRS,1 Piece (Min Order),https://www.alibaba.com/product-detail/Hot-Selling-i12-Pro-OLED-Big_1600224635554.html?s=p,https://img.alicdn.com/tfs/TB1S_7kkY5YBuNjSspoXXbeNFXa-700-700.jpg_350x350.jpg
Phone Global Version HAUWEI P50 Smart Phone 7.3 HD Inch Full Screen 12 512GB Dual SIM SmartPhone 5800mAh Andriod Mobile Phone,$60.00-$72.80,"Changshu Yixiuxiu Trading Co., Ltd.",1 YRS,1 Piece (Min Order),https://www.alibaba.com/product-detail/Phone-Global-Version-HAUWEI-P50-Smart_1600233215405.html?s=p,https://img.alicdn.com/tfs/TB1S_7kkY5YBuNjSspoXXbeNFXa-700-700.jpg_350x350.jpg
2021 Wholesale Smartphone 6.9Inch AMOLED Screen Note 20U Android 10.0 Telephone 12GB 512GB Smartphone With Face Unlock,$66.66-$80.55,"Yiwu Longjie Import & Export Co., Ltd.",1 YRS,1 Piece (Min Order),https://www.alibaba.com/product-detail/2021-Wholesale-Smartphone-6-9Inch-AMOLED_1600182997090.html?s=p,https://img.alicdn.com/tfs/TB1S_7kkY5YBuNjSspoXXbeNFXa-700-700.jpg_350x350.jpg
M10 mini 6GB 128GB Factory Price Screen Mobile phones Android 10 Smartphone Telephone Dual Sim,$29.90-$31.30,"Hangzhou Pianhangxiuxiu Technology Co., Ltd.",1 YRS,1 Piece (Min Order),https://www.alibaba.com/product-detail/M10-mini-6GB-128GB-Factory-Price_1600210143572.html?s=p,https://img.alicdn.com/tfs/TB1S_7kkY5YBuNjSspoXXbeNFXa-700-700.jpg_350x350.jpg
New basic Note10 Mobile phones 5.0inch Fingerprint cellphone 12GB+512GB 4800mAh HD 14MP+24MP 1440*3040 Dual cards Smartphone,$32.00-$33.80,"Hangzhou Pianhangxiuxiu Technology Co., Ltd.",1 YRS,1 Piece (Min Order),https://www.alibaba.com/product-detail/New-basic-Note10-Mobile-phones-5_1600224558593.html,https://img.alicdn.com/tfs/TB1S_7kkY5YBuNjSspoXXbeNFXa-700-700.jpg_350x350.jpg
"Celular Redmi Note 10 Pro global 8GB+128GB 6.67"" AMOLED DotDisplay 120Hz 5020mAh xiaomi smartpone redmi note 10 phone",$249.00-$268.00,"Shenzhen Yichushuangcun Trading Co., Ltd.",1 YRS,10.0 Pieces (Min Order),https://www.alibaba.com/product-detail/Celular-Redmi-Note-10-Pro-global_1600210270815.html,https://img.alicdn.com/tfs/TB1S_7kkY5YBuNjSspoXXbeNFXa-700-700.jpg_350x350.jpg
Mate 43 Plus 6+128GB Dual SIM Low Price Unlocked 5.8 Inch Cell Phones Smartphones Cheap Mobile Android 9.1 Smart Phones 4G,$27.60-$31.20,"Dongguan Caina Nanbowan Technology Co., Ltd.",1 YRS,2 Pieces (Min Order),https://www.alibaba.com/product-detail/Mate-43-Plus-6-128GB-Dual_1600187359960.html,https://s.alicdn.com/@sc01/kf/H29dad69512ee4518879cd43f9bd0d35fy.jpg_300x300.jpg
Super thin mobile phones m11 pro new 4g 5g android 12+512GB large memory 5600mAh big capacity fingerprint unlock smart phone,$76.60-$79.60,"Yiwu Yilang E-Commerce Co., Ltd.",1 YRS,1 Piece (Min Order),https://www.alibaba.com/product-detail/Super-thin-mobile-phones-m11-pro_1600223526639.html,https://img.alicdn.com/tfs/TB1S_7kkY5YBuNjSspoXXbeNFXa-700-700.jpg_350x350.jpg
Cheap Mobile Phone X37 Plus 5.8inch HD Screen Unlock 4GB+64GB Android 10 Mobile Phone,$37.80-$43.62,Yiwu Jia Rui Firm,3 YRS,1 Piece (Min Order),https://www.alibaba.com/product-detail/Cheap-Mobile-Phone-X37-Plus-5_1600233353827.html,https://img.alicdn.com/tfs/TB1S_7kkY5YBuNjSspoXXbeNFXa-700-700.jpg_350x350.jpg
Wholesale Factory original P40 plus Smart phone with sealed Box Unlocked premium smartphone mobile phone lcds cell phone,$80.00-$88.00,"Ningbo Liuxiang Network Technology Co., Ltd.",1 YRS,2 Pieces (Min Order),https://www.alibaba.com/product-detail/Wholesale-Factory-original-P40-plus-Smart_1600111527014.html,https://img.alicdn.com/tfs/TB1S_7kkY5YBuNjSspoXXbeNFXa-700-700.jpg_350x350.jpg
"Smart Watch Phone ,Smart Watch Mobile Watch Phone , Cheap Android Touch Screen 2021 Smart Watch BT Smart Watch Y20",$12.83-$15.04,"Dongguan Aoke Electronic Co., Ltd.",8 YRS,10 Pieces (Min Order),https://www.alibaba.com/product-detail/Smart-Watch-Phone-Smart-Watch-Mobile_1740259500.html,https://img.alicdn.com/tfs/TB1S_7kkY5YBuNjSspoXXbeNFXa-700-700.jpg_350x350.jpg
In Stock OUKITEL C19 Hot Slim Android 6 inch smartphone android xiomi mobile phone,$59.00-$76.60,"Shenzhen Cwell Electronic Technology Co., Ltd.",8 YRS,5.0 Pieces (Min Order),https://www.alibaba.com/product-detail/In-Stock-OUKITEL-C19-Hot-Slim_60815878271.html,https://img.alicdn.com/tfs/TB1S_7kkY5YBuNjSspoXXbeNFXa-700-700.jpg_350x350.jpg
Genuine Small l phone 11pro 64GB mobile phone Korean version single card power silver 4G smart mobile phone free shipping,$420.00-$425.00,"Shenzhen Hanheng Technology Trade Co., Ltd.",1 YRS,10 Pieces (Min Order),https://www.alibaba.com/product-detail/Genuine-Small-l-phone-11pro-64GB_1600224393833.html,https://img.alicdn.com/tfs/TB1S_7kkY5YBuNjSspoXXbeNFXa-700-700.jpg_350x350.jpg
"Blackview BL6000 Pro 5G Mobile Phone , 8GB+256GB,Triple Back Cameras, Waterproof Dustproof Shockproof,Android Phone",$360.63-$416.00,"Shenzhen LGYD Electronics Co., Ltd.",1 YRS,1 Piece (Min Order),https://www.alibaba.com/product-detail/Blackview-BL6000-Pro-5G-Mobile-Phone_1600206066875.html,https://img.alicdn.com/tfs/TB1S_7kkY5YBuNjSspoXXbeNFXa-700-700.jpg_350x350.jpg
X10 PRO Smartphone 6.6 Inch Pop-Up Camea 16MP+ 32MP FACE ID Unlock Phone 5000mAh Large Capacity Battery Android Mobile Phone,$84.00-$89.00,"Xiamen Nuoshan Import And Export Co., Ltd.",1 YRS,1 Parcel (Min Order),https://www.alibaba.com/product-detail/X10-PRO-Smartphone-6-6-Inch_1600112657070.html,https://s.alicdn.com/@sc04/kf/H7d6521218faa4abca383b38d19e9eddfz.jpg_300x300.jpg
New S21 Ultra mobile phone Android smartphone 6.8 inch perforated screen mobile phone,$75.50-$79.90,"Shenzhen Hecheng Tianxia Electronic Commerce Co., Ltd.",1 YRS,1 Piece (Min Order),https://www.alibaba.com/product-detail/New-S21-Ultra-mobile-phone-Android_1600238191573.html,https://img.alicdn.com/tfs/TB1S_7kkY5YBuNjSspoXXbeNFXa-700-700.jpg_350x350.jpg
New promoting Card Mobile Phone Newest BT thin colorful anica card size cell phone T8 & X6 new model,$23.00-$35.00,"Shenzhen Noahs Ark Love Technology Co., Ltd.",4 YRS,1 Piece (Min Order),https://www.alibaba.com/product-detail/New-promoting-Card-Mobile-Phone-Newest_62272695009.html,https://img.alicdn.com/tfs/TB1S_7kkY5YBuNjSspoXXbeNFXa-700-700.jpg_350x350.jpg
Original Unlocked Used Phones AA Stock Android Mobile Phone For Samsung On7 G6000,$52.00,"Bihuali International Trade (Shenzhen) Co., Ltd.",1 YRS,10 Pieces (Min Order),https://www.alibaba.com/product-detail/Original-Unlocked-Used-Phones-AA-Stock_1600144660991.html,https://img.alicdn.com/tfs/TB1S_7kkY5YBuNjSspoXXbeNFXa-700-700.jpg_350x350.jpg
Mini Smartphone Child Phone Sudroid The World's Smallest Cell Phone 2.5 Inch Android Small Phone Quad Core 1G+8G 5.0MP Dual,$38.30,"Shenzhen Ruoda Technology Co., Ltd.",1 YRS,2 Pieces (Min Order),https://www.alibaba.com/product-detail/Mini-Smartphone-Child-Phone-Sudroid-The_1600113812081.html,https://img.alicdn.com/tfs/TB1S_7kkY5YBuNjSspoXXbeNFXa-700-700.jpg_350x350.jpg
Note 20+ Android 4+64G 4G Mobile Phone Smartphone Fingerprint Unlock Cellphone HD Camera Bluetoth GPS Navigation Sound Phones,$29.66-$29.99,"Shenzhen Dankers Technology Co., Ltd.",1 YRS,1 Piece (Min Order),https://www.alibaba.com/product-detail/Note-20-Android-4-64G-4G_1600156144923.html,https://img.alicdn.com/tfs/TB1S_7kkY5YBuNjSspoXXbeNFXa-700-700.jpg_350x350.jpg
2021 KarenM BT Make Call Smart Watch Phone S25 MP3 Playback Heart Rate Blood Pressure Outdoor Sports Smartwatch Fitness Tracker,$22.00-$24.50,"Shenzhen Karen M Electronics Co., Ltd.",5 YRS,10 Pieces (Min Order),https://www.alibaba.com/product-detail/2021-KarenM-BT-Make-Call-Smart_1600225023047.html,https://img.alicdn.com/tfs/TB1S_7kkY5YBuNjSspoXXbeNFXa-700-700.jpg_350x350.jpg
"UMIDIGI BISON Rugged Smart Phone IP68/IP69K Waterproof 48MP Matrix Quad Camera 6.3"" FHD+ Display 6GB+128GB NFC Android Cellphone",$260.00-$290.00,"Shenzhen Youmi Intelligent Technology Co., Ltd.",1 YRS,2 Pieces (Min Order),https://www.alibaba.com/product-detail/UMIDIGI-BISON-Rugged-Smart-Phone-IP68_1600128746700.html,https://img.alicdn.com/tfs/TB1S_7kkY5YBuNjSspoXXbeNFXa-700-700.jpg_350x350.jpg
